Codon,DnDs_windowed
1,0.356534091
2,0.299522673
3,0.299522673
4,0.430041152
5,0.430041152
6,0.518450185
7,0.570607553
8,0.514053254
9,0.563609467
10,0.563609467
11,0.563609467
12,0.687130178
13,0.736686391
14,0.772919605
15,0.853582555
16,0.7832
17,0.937275986
18,0.937275986
19,1.065173116
20,1.065173116
21,1.253829322
22,1.327133479
23,1.341025641
24,1.426923077
25,1.450598802
26,1.251497006
27,1.251497006
28,1.440074906
29,1.314606742
30,2.0875
31,1.25093633
32,1.149700599
33,1.232704403
34,1.232704403
35,1.232704403
36,1.205801105
37,1.389502762
38,1.389502762
39,1.389502762
40,1.228535354
41,1.35479798
42,1.231101512
43,1.075471698
44,1.138679245
45,1.447084233
46,1.691919192
47,1.776515152
48,1.776515152
49,1.734848485
50,2.088145897
51,2.43129771
52,2.226530612
53,1.748397436
54,1.748397436
55,1.395522388
56,1.197014925
57,1.197014925
58,1.197014925
59,1.371268657
60,0.847761194
61,0.934701493
62,1.07960199
63,0.684701493
64,0.684701493
65,0.684701493
66,0.559701493
67,0.547761194
68,0.398507463
69,0.498507463
70,0.332089552
71,0.332089552
72,0.415422886
73,0.42750533
74,0.57300885
75,0.720132743
76,0.62716763
77,0.555460751
78,0.498468606
79,0.575038285
80,0.521527778
81,0.583227446
82,0.6375
83,0.583227446
84,0.583227446
85,0.583227446
86,0.6375
87,0.738544474
88,0.728387097
89,0.797316384
90,0.797316384
91,0.75
92,0.702683616
93,0.667173252
94,0.566109422
95,0.630287648
96,0.710877863
97,0.960612691
98,1.083333333
99,1.411764706
100,1.660071942
101,1.530434783
102,1.660071942
103,1.78057554
104,1.434782609
105,1.120145631
106,1.078014184
107,1.211538462
108,1.033916849
109,1.033916849
110,1.297435897
111,1.566563467
112,1.297435897
113,1.425641026
114,1.724358974
115,1.617067834
116,1.410305344
117,1.346374046
118,1.282442748
119,1.173835125
120,1.33401222
121,1.33401222
122,1.401221996
123,1.636752137
124,1.880184332
125,1.636752137
126,1.566239316
127,1.993765586
128,1.993765586
129,1.910224439
130,1.910224439
131,2.293413174
132,1.951371571
133,1.423076923
134, 
135, 
136, 
137, 
138, 
139, 
140, 
141, 
142, 
143,
144,
145,
146,
147,
148,
149,
150,
151,